/votes     /votes/     301
/actus     /actus/     301
/about     /about/     301
/cartes    /cartes/    301
/sitemap.xml  /sitemap.xml/sitemap-0.xml  200
/informations-legales  /informations-legales/  301